ISO,Rank2014,FR_Country,EN_country,ES_country,Score 2014,Progression RANK,Rank 2013,Score 2013,Zone,Diff Prog Score ,Score Exa,ScoreA
FIN,1,Finlande,Finland,Finlandia,"6,4",0,1,"6,38",UE Balkans,"0,020000000000001",,
NLD,2,Pays-Bas,Netherlands,Países Bajos,"6,46",0,2,"6,48",UE Balkans,"-0,020000000000001",,
NOR,3,Norvège,Norway,Noruega,"6,52",0,3,"6,52",UE Balkans,0,,
LUX,4,Luxembourg,Luxembourg,Luxemburgo,"6,7",0,4,"6,68",UE Balkans,"0,020000000000001",,
AND,5,Andorre,Andorra,Andorra,"6,82",0,5,"6,82",UE Balkans,0,,
LIE,6,Liechtenstein,Liechtenstein,Liechtenstein,"7,02",1,7,"7,35",UE Balkans,"-0,33",,
DNK,7,Danemark,Denmark,Dinamarca,"7,43",-1,6,"7,08",UE Balkans,"0,35",,
ISL,8,Islande,Iceland,Islandia,"8,5",1,9,"8,49",UE Balkans,"0,01",,
NZL,9,Nouvelle-Zélande,New Zealand,Nueva Zelanda,"8,55",-1,8,"8,38",Asie-Pacifique,"0,17",,
SWE,10,Suede,Sweden,Suecia,"8,98",0,10,"9,23",UE Balkans,"-0,25",,
EST,11,Estonie,Estonia,Estonia,"9,63",0,11,"9,26",UE Balkans,"0,370000000000001",,
AUT,12,Autriche,Austria,Austria,"10,01",0,12,"9,4",UE Balkans,"0,609999999999999",,
CZE,13,République tchèque,Czech Republic,Repœblica Checa,"10,07",3,16,"10,17",UE Balkans,"-0,1",,
DEU,14,Allemagne,Germany,Alemania,"10,23",3,17,"10,24",UE Balkans,"-0,01",,
CHE,15,Suisse,Switzerland,Suiza,"10,47",-1,14,"9,94",UE Balkans,"0,530000000000001",,
IRL,16,Irlande,Ireland,Irlanda,"10,87",-1,15,"10,06",UE Balkans,"0,809999999999999",,
JAM,17,Jamaïque,Jamaica,Jamaica,"10,9",-4,13,"9,88",Amériques,"1,02",,
CAN,18,Canada,Canada,Canadà,"10,99",2,20,"12,69",Amériques,"-1,7",,
POL,19,Pologne,Poland,Polonia,"11,03",3,22,"13,11",UE Balkans,"-2,08",,
SVK,20,Slovaquie,Slovakia,Eslovaquia,"11,39",3,23,"13,25",UE Balkans,"-1,86",,
CRI,21,Costa Rica,Costa Rica,Costa Rica,"12,23",-3,18,"12,08",Amériques,"0,15",,
NAM,22,Namibie,Namibia,Namibia,"12,5",-3,19,"12,5",Afrique,0,,
BEL,23,Belgique,Belgium,Bélgica,"12,8",-2,21,"12,94",UE Balkans,"-0,139999999999999",,
CPV,24,Cap-Vert,Cape Verde,Cabo Verde,"14,32",1,25,"14,33",Afrique,"-0,01",,
CYP,25,Chypre,Cyprus,Chipre,"14,45",-1,24,"13,83",UE Balkans,"0,619999999999999",,
URY,26,Uruguay,Uruguay,Uruguay,"16,08",1,27,"15,92",Amériques,"0,159999999999998",,
GHA,27,Ghana,Ghana,Ghana,"16,29",3,30,"17,27",Afrique,"-0,98",,
AUS,28,Australie,Australia,Australia,"16,91",-2,26,"15,24",Asie-Pacifique,"1,67",,
BLZ,29,Bélize,Belize,Belice,"17,05",#VALEUR !,NA,,Amériques,"17,05",,
PRT,30,Portugal,Portugal,Portugal,"17,73",-2,28,"16,75",UE Balkans,"0,98",,
SUR,31,Surinam,Suriname,Surinam,"18,2",0,31,"18,19",Amériques,"0,009999999999998",,
LTU,32,Lituanie,Lithuania,Lituania,"19,2",1,33,"18,24",UE Balkans,"0,960000000000001",,
GBR,33,Royaume-Uni,United Kingdom,Reino Unido,"19,93",-4,29,"16,89",UE Balkans,"3,04",,
SVN,34,Slovénie,Slovenia,Eslovenia,"20,38",1,35,"20,49",UE Balkans,"-0,109999999999999",,
ESP,35,Espagne,Spain,España,"20,63",1,36,"20,5",UE Balkans,"0,129999999999999",,
XCD,36,OECS,OECS,OECS,"20,81",-2,34,"19,72",Amériques,"1,09",,
LVA,37,Lettonie,Latvia,Letonia,"21,1",2,39,"22,89",UE Balkans,"-1,79",,
SLV,38,El Salvador,El Salvador,El Salvador,"21,57",0,38,"22,86",Amériques,"-1,29",,
FRA,39,France,France,Francia,"21,89",-2,37,"21,6",UE Balkans,"0,289999999999999",,
WSM,40,Samoa,Samoa,Samoa,"22,02",8,48,"23,84",Asie-Pacifique,"-1,82",,
BWA,41,Botswana,Botswana,Botsuana,"22,91",-1,40,"22,91",Afrique,0,,
ZAF,42,Afrique du Sud,South Africa,Sudàfrica,"23,19",10,52,"24,56",Afrique,"-1,37",,
TTO,43,Trinité-et-Tobago,Trinidad and Tobago,Trinidad y Tobago,"23,28",1,44,"23,12",Amériques,"0,16",,
PNG,44,Papouasie-Nouvelle-Guinée,Papua New Guinea,Papœa Nueva Guinea,"23,46",-3,41,"22,97",Asie-Pacifique,"0,490000000000002",,
ROU,45,Roumanie,Romania,Rumania,"23,48",-3,42,"23,05",UE Balkans,"0,43",,
USA,46,Etats Unis,United States,Estados Unidos,"23,49",-14,32,"18,22",Amériques,"5,27",,
HTI,47,Haïti,Haiti,Haití,"23,53",2,49,"24,09",Amériques,"-0,559999999999999",,
NER,48,Niger,Niger,Niger,"23,59",-5,43,"23,08",Afrique,"0,510000000000002",,
ITA,49,Italie,Italy,Italia,"23,75",8,57,"26,11",UE Balkans,"-2,36",,
TWN,50,Taïwan,Taiwan,Taiwàn,"23,82",-3,47,"23,82",Asie-Pacifique,0,,
MLT,51,Malte,Malta,Malta,"23,84",-6,45,"23,3",UE Balkans,"0,539999999999999",,
BFA,52,Burkina Faso,Burkina Faso,Burkina Faso,"24,45",-6,46,"23,7",Afrique,"0,75",,
COM,53,Comores,Comoros,Comoras,"24,52",-2,51,"24,52",Afrique,0,,
SRB,54,Serbie,Serbia,Serbia,"25,05",9,63,"26,59",UE Balkans,"-1,54",,
ARG,55,Argentine,Argentina,Argentina,"25,27",-1,54,"25,67",Amériques,"-0,400000000000002",,
MDA,56,Moldavie,Moldova,Moldavia,"25,35",-1,55,"26,01",EEAC,"-0,66",,
KOR,57,Corée du Sud,South Korea,Corea del Sur,"25,66",-7,50,"24,48",Asie-Pacifique,"1,18",,
CHL,58,Chili,Chile,Chile,"25,8",2,60,"26,24",Amériques,"-0,439999999999998",,
JPN,59,Japon,Japan,Japón,"26,02",-6,53,"25,17",Asie-Pacifique,"0,849999999999998",,
MRT,60,Mauritanie,Mauritania,Mauritania,"26,53",7,67,"26,76",Afrique,"-0,23",,
HKG,61,Hong-Kong,Hong Kong,Hong Kong,"26,55",-3,58,"26,16",Asie-Pacifique,"0,390000000000001",,
SEN,62,Sénégal,Senegal,Senegal,"26,68",-3,59,"26,19",Afrique,"0,489999999999998",,
TON,63,Tonga,Tonga,Tonga,"26,7",3,66,"26,7",Asie-Pacifique,0,,
HUN,64,Hongrie,Hungary,Hungría,"26,73",-8,56,"26,09",UE Balkans,"0,640000000000001",,
HRV,65,Croatie,Croatia,Croacia,"26,82",-1,64,"26,61",UE Balkans,"0,210000000000001",,
BIH,66,Bosnie-Herzégovine,Bosnia and Herzegovina,Bosnia-Herzegovina,"26,86",2,68,"26,86",UE Balkans,0,,
GUY,67,Guyana,Guyana,Guyana,"27,08",2,69,"27,08",Amériques,0,,
DOM,68,République dominicaine,Dominican Republic,Repœblica Dominicana,"27,17",12,80,"28,34",Amériques,"-1,17",,
TZA,69,Tanzanie,Tanzania,Tanzania,"27,3",1,70,"27,34",Afrique,"-0,039999999999999",,
MUS,70,Maurice,Mauritius,Mauricio,"27,69",-8,62,"26,47",Afrique,"1,22",,
NIC,71,Nicaragua,Nicaragua,Nicaragua,"27,7",7,78,"28,31",Amériques,"-0,609999999999999",,
SLE,72,Sierra Leone,Sierra Leone,Sierra Leona,"28,23",-11,61,"26,35",Afrique,"1,88",,
MWI,73,Malawi,Malawi,Malaui,"28,29",2,75,"28,18",Afrique,"0,109999999999999",,
LSO,74,Lesotho,Lesotho,Lesoto,"28,36",7,81,"28,36",Afrique,0,,
BEN,75,Bénin,Benin,Benín,"28,83",4,79,"28,33",Afrique,"0,5",,
TGO,76,Togo,Togo,Togo,29,7,83,"28,45",Afrique,"0,550000000000001",,
TLS,77,Timor-Leste,East Timor,Timor Oriental,"29,04",13,90,"28,72",Asie-Pacifique,"0,32",,
ARM,78,Arménie,Armenia,Armenia,"29,07",-4,74,"28,04",EEAC,"1,03",,
MOZ,79,Mozambique,Mozambique,Mozambique,"29,26",-6,73,"28,01",Afrique,"1,25",,
XKO,80,Kosovo,Kosovo,Kosovo,"29,29",5,85,"28,47",UE Balkans,"0,82",,
MDG,81,Madagascar,Madagascar,Madagascar,"29,38",7,88,"28,62",Afrique,"0,759999999999998",,
COG,82,Congo,Congo,Repœblica del Congo,"29,44",-6,76,"28,2",Afrique,"1,24",,
CTU,83,Chypre (partie Nord),Cyprus North,Chipre Norte,"29,54",11,94,"29,34",UE Balkans,"0,199999999999999",,
GEO,84,Géorgie,Georgia,Georgia,"29,78",16,100,"30,09",EEAC,"-0,309999999999999",,
ALB,85,Albanie,Albania,Albania,"29,92",17,102,"30,88",UE Balkans,"-0,959999999999997",,
GNB,86,Guinée-Bissau,Guinea-Bissau,Guinea-Bisàu,"30,05",6,92,"28,94",Afrique,"1,11",,
PAN,87,Panama,Panama,Panamà,"30,2",24,111,"32,95",Amériques,"-2,75",,
MNG,88,Mongolie,Mongolia,Mongolia,"30,3",10,98,"29,93",Asie-Pacifique,"0,370000000000001",,
LBR,89,Liberia,Liberia,Liberia,"30,65",8,97,"29,89",Afrique,"0,759999999999998",,
KEN,90,Kenya,Kenya,Kenia,"30,7",-19,71,"27,8",Afrique,"2,9",,
KWT,91,Koweït,Kuwait,Kuwait,"30,71",-14,77,"28,28",MENA,"2,43",,
BTN,92,Bhoutan,Bhutan,Butàn,"30,73",-10,82,"28,42",Asie-Pacifique,"2,31",,
ZMB,93,Zambie,Zambia,Zambia,"30,89",-21,72,"27,93",Afrique,"2,96",,
BOL,94,Bolivie,Bolivia,Bolivia,"31,04",15,109,"32,8",Amériques,"-1,76",,
ECU,95,Equateur,Ecuador,Ecuador,"31,16",24,119,"34,69",Amériques,"-3,53",,
ISR,96,Israël,Israel,Israel,"31,19",16,112,"32,97",MENA,"-1,78",,
KGZ,97,Kirghizstan,Kyrgyzstan,Kirguistàn,"31,24",9,106,"32,2",EEAC,"-0,960000000000004",,
GAB,98,Gabon,Gabon,Repœblica Gabonesa,"31,32",-9,89,"28,69",Afrique,"2,63",,
GRC,99,Grèce,Greece,Grecia,"31,33",-15,84,"28,46",UE Balkans,"2,87",,
BGR,100,Bulgarie,Bulgaria,Bulgaria,"31,42",-13,87,"28,58",UE Balkans,"2,84",,
CIV,101,Côte d'Ivoire,Ivory Coast,Costa de Marfil,"31,63",-5,96,"29,77",Afrique,"1,86",,
GIN,102,Guinée,Guinea,Guinea,"31,67",-16,86,"28,49",Afrique,"3,18",,
SYC,103,Seychelles,Seychelles,Seychelles,"31,68",-10,93,"29,19",Afrique,"2,49",,
PER,104,Perou,Peru,Peru,"31,7",1,105,"31,87",Amériques,"-0,170000000000002",,
PRY,105,Paraguay,Paraguay,Paraguay,"31,81",-14,91,"28,78",Amériques,"3,03",,
LBN,106,Liban,Lebanon,Líbano,"31,89",-5,101,"30,15",MENA,"1,74",,
FJI,107,Fidji,Fiji,Fiyi,"32,57",0,107,"32,69",Asie-Pacifique,"-0,119999999999997",,
MDV,108,Maldives,Maldives,Maldivas,"33,11",-5,103,"31,1",Asie-Pacifique,"2,01",,
CAF,109,République centrafricaine,Central African Republic,Repœblica Centroafricana,"33,13",-44,65,"26,61",Afrique,"6,52",,
UGA,110,Ouganda,Uganda,Uganda,"33,29",-6,104,"31,69",Afrique,"1,6",,
BRA,111,Brésil,Brazil,Brasil,"34,03",-3,108,"32,75",Amériques,"1,28",,
NGA,112,Nigeria,Nigeria,Nigeria,"34,24",3,115,"34,11",Afrique,"0,130000000000003",,
QAT,113,Qatar,Qatar,Catar,"34,32",-3,110,"32,86",MENA,"1,46",,
MNE,114,Monténégro,Montenegro,Montenegro,"34,78",-1,113,"32,97",UE Balkans,"1,81",,
TJK,115,Tadjikistan,Tajikistan,Tayikistàn,"34,86",8,123,"35,71",EEAC,"-0,850000000000001",,
VEN,116,Venezuela,Venezuela,Venezuela,"35,37",1,117,"34,44",Amériques,"0,93",,
BRN,117,Brunei,Brunei Darussalam,Brunéi,"35,45",5,122,"35,45",Asie-Pacifique,0,,
ARE,118,Émirats arabes unis,United Arab Emirates,Emiratos çrabes Unidos,"36,03",-4,114,"33,49",MENA,"2,54",,
SSD,119,Soudan du Sud,South Sudan,Sudàn del Sur,"36,05",5,124,"36,2",Afrique,"-0,150000000000006",,
NPL,120,Népal,Nepal,Nepal,"36,16",-2,118,"34,61",Asie-Pacifique,"1,55",,
DZA,121,Algérie,Algeria,Argelia,"36,26",4,125,"36,54",MENA,"-0,280000000000001",,
MLI,122,Mali,Mali,Malí,"36,29",-23,99,"30,03",Afrique,"6,26",,
MKD,123,Macédoine,Macedonia,Repœblica de Macedonia,"36,43",-7,116,"34,27",UE Balkans,"2,16",,
AGO,124,Angola,Angola,Angola,"36,5",6,130,"37,8",Afrique,"-1,3",,
GTM,125,Guatemala ,Guatemala,Guatemala,"36,61",-30,95,"29,39",Amériques,"7,22",,
COL,126,Colombie,Colombia,Colombia,"36,68",3,129,"37,48",Amériques,"-0,799999999999997",,
UKR,127,Ukraine,Ukraine,Ucrania,"36,93",-1,126,"36,79",EEAC,"0,140000000000001",,
AFG,128,Afghanistan,Afghanistan,Afganistàn,"37,07",0,128,"37,36",Asie-Pacifique,"-0,289999999999999",,
HND,129,Honduras,Honduras,Honduras,"37,14",-2,127,"36,92",Amériques,"0,219999999999999",,
THA,130,Thaïlande,Thailand,Tailandia,"37,94",5,135,"38,6",Asie-Pacifique,"-0,660000000000004",,
CMR,131,Cameroun,Cameroon,Camerœn,"38,13",-11,120,"34,78",Afrique,"3,35",,
IDN,132,Indonésie,Indonesia,Indonesia,"38,15",7,139,"41,05",Asie-Pacifique,"-2,9",,
TUN,133,Tunisie,Tunisia,Tœnez,"38,69",5,138,"39,93",MENA,"-1,24",,
OMN,134,Oman,Oman,Omàn,"38,83",7,141,"41,51",MENA,"-2,68",,
ZWE,135,Zimbabwe,Zimbabwe,Zimbabue,"39,19",-2,133,"38,12",Afrique,"1,07",,
MAR,136,Maroc,Morocco,Marruecos,"39,72",0,136,"39,04",MENA,"0,68",,
LBY,137,Libye,Libya,Libia,"39,84",-6,131,"37,86",MENA,"1,98",,
PSE,138,Palestine,Palestine,Palestina,"40,11",8,146,"43,09",MENA,"-2,98",,
TCD,139,Tchad,Chad,Chad,"40,22",-18,121,"34,87",Afrique,"5,35",,
IND,140,Inde,India,India,"40,34",0,140,"41,22",Asie-Pacifique,"-0,879999999999995",,
JOR,141,Jordanie,Jordan,Jordania,"40,42",-7,134,"38,47",MENA,"1,95",,
BDI,142,Burundi,Burundi,Burundi,"40,5",-10,132,"38,02",Afrique,"2,48",,
ETH,143,Éthiopie,Ethiopia,Etiopía,"40,58",-6,137,"39,57",Afrique,"1,01",,
KHM,144,Cambodge,Cambodia,Camboya,"40,97",-1,143,"41,81",Asie-Pacifique,"-0,840000000000003",,
MMR,145,Birmanie,Myanmar,Birmania,"41,43",6,151,"44,71",Asie-Pacifique,"-3,28",,
BGD,146,Bangladesh,Bangladesh,Bangladés,"42,58",-2,144,"42,01",Asie-Pacifique,"0,57",,
MYS,147,Malaisie,Malaysia,Malasia,"42,73",-2,145,"42,73",Asie-Pacifique,0,,
RUS,148,Russie,Russian Federation,Rusia,"42,78",0,148,"43,42",EEAC,"-0,640000000000001",,
PHL,149,Philippines,Philippines,Filipinas,"43,69",-2,147,"43,11",Asie-Pacifique,"0,579999999999998",,
SGP,150,Singapour    ,Singapore,Singapur,"44,29",-1,149,"43,43",Asie-Pacifique,"0,859999999999999",,
COD,151,RD Congo,The Democratic Republic Of The Congo,RD Congo,"44,64",-9,142,"41,66",Afrique,"2,98",,
MEX,152,Mexique,Mexico,México,"45,04",1,153,"45,3",Amériques,"-0,259999999999998",,
IRQ,153,Irak,Iraq,Irak,"45,44",-3,150,"44,67",MENA,"0,769999999999996",,
TUR,154,Turquie,Turkey,Turquía,"45,87",0,154,"46,56",EEAC,"-0,690000000000005",,
GMB,155,Gambie,Gambia,Gambia,"46,42",-3,152,"45,09",Afrique,"1,33",,
SWZ,156,Swaziland,Swaziland,Suazilandia,"46,76",-1,155,"46,76",Afrique,0,,
BLR,157,Bélarus,Belarus,Bielorrusia,"47,82",0,157,"48,35",EEAC,"-0,530000000000001",,
PAK,158,Pakistan,Pakistan,Pakistàn,"51,46",1,159,"51,31",Asie-Pacifique,"0,149999999999999",,
EGY,159,Égypte,Egypt,Egipto,"51,89",-1,158,"48,66",MENA,"3,23",,
AZE,160,Azerbaïdjan,Azerbaijan,Azerbaiyàn,"52,87",-4,156,"47,73",EEAC,"5,14",,
KAZ,161,Kazakhstan,Kazakhstan,Kazajistàn,"54,94",-1,160,"55,08",EEAC,"-0,140000000000001",,
RWA,162,Rwanda,Rwanda,Ruanda,"56,57",-1,161,"55,46",Afrique,"1,11",,
BHR,163,Bahreïn,Bahrain,Baréin,"58,26",2,165,"62,75",MENA,"-4,49",,
SAU,164,Arabie saoudite,Saudi Arabia,Arabia Saudita,"58,3",-1,163,"56,88",MENA,"1,41999999999999",,
LKA,165,Sri Lanka,Sri Lanka,Sri Lanka,"59,13",-3,162,"56,59",Asie-Pacifique,"2,54",,
UZB,166,Ouzbékistan,Uzbekistan,Uzbekistàn,"61,01",-2,164,"60,39",EEAC,"0,619999999999997",,
YEM,167,Yémen,Yemen,Yemen,"67,26",2,169,"69,22",MENA,"-1,95999999999999",,
GNQ,168,Guinée équatoriale,Equatorial Guinea,Guinea Ecuatorial,"67,95",-2,166,"67,2",Afrique,"0,75",,
DJI,169,Djibouti,Djibouti,Yibuti,"70,34",-2,167,"67,4",Afrique,"2,94",,
CUB,170,Cuba,Cuba,Cuba,"70,92",1,171,"71,64",Amériques,"-0,719999999999999",,
LAO,171,Laos,Lao People's Democratic Republic,Laos,"71,22",-3,168,"67,99",Asie-Pacifique,"3,23",,
SDN,172,Soudan,Sudan,Sudàn,"71,88",-2,170,"70,06",Afrique,"1,81999999999999",,
IRN,173,Iran,Islamic Republic of Iran,Iràn,"72,29",1,174,"73,4",MENA,"-1,11",,
VNM,174,Viêt Nam,Vietnam,Vietnam,"72,36",-2,172,"71,78",Asie-Pacifique,"0,579999999999998",,
CHN,175,Chine,China,China,"72,91",-2,173,"73,07",Asie-Pacifique,"-0,159999999999997",,
SOM,176,Somalie,Somalia,Somalia,"73,19",-1,175,"73,59",Afrique,"-0,400000000000006",,
SYR,177,Syrie,Syrian Arab Republic,Siria,"77,04",-1,176,"78,53",MENA,"-1,49",,
TKM,178,Turkménistan,Turkmenistan,Turkmenistàn,"80,81",-1,177,"79,14",EEAC,"1,67",,
PRK,179,Corée du Nord,Democratic People's Republic of Korea,Corea del Norte,"81,96",-1,178,"83,9",Asie-Pacifique,"-1,94000000000001",,
ERI,180,Érythrée,Eritrea,Eritrea,"84,83",-1,179,"84,83",Afrique,0,,
